epoch,train_loss,train_acc,val_loss,val_acc,lr
1,0.703911,0.758646,1.741603,0.777466,0.0002988172051971717
1,0.701144,0.760152,0.823246,0.800842,0.0002988172051971717
2,0.579782,0.808287,0.555307,0.827489,0.0002952874741692947
